331,C0942423,1.0
3491,C0942432,0.992127056921075
3491,C0942443,0.979393384322876
3491,C0942477,0.977512723897113
3491,C0942424,0.967935765013099
5491,C0945358,0.944404745549379
5491,C0942425,0.941011273878213
5491,C0942478,0.935103065061409
5491,C0942444,0.922924523530368
3893,C0363885,0.885185800474906
331,C0365023,0.883477848083778
5491,C1544491,0.88267054980068
5491,C0942450,0.877447260791281
3491,C1315831,0.859272747661591
3893,C0365095,0.852884859894009
3893,C1369594,0.84676741406392
3893,C0803387,0.846709276021555
3893,C0368013,0.838531339185701
3893,C0364968,0.837146172004552
5491,C1114285,0.831930345844718
3491,C1114284,0.826205484321543
3491,C1544494,0.82462383073729
3893,C0364096,0.822346586448423
3893,C0550447,0.814037281195206
3893,C0364133,0.812853925204309
3893,C1315166,0.812728861207403
3893,C0550246,0.810526850220047
3893,C0364207,0.806736323358793
3893,C0364674,0.805842263339647
3893,C0550440,0.796912468920243
3893,C0365392,0.794224087121658
3893,C0364055,0.784950475442163
3893,C0364290,0.783224107651393
8191,C0945365,0.781046260523371
3893,C0362947,0.777060127209217
8191,C0942426,0.773513113913005
3893,C0364127,0.770700297665843
8191,C0942433,0.770076545343097
3893,C0368036,0.769643636026472
3893,C0362909,0.764836377421798
3893,C0362978,0.759387612148498
3893,C0362934,0.753404300467929
3893,C0362907,0.751385761869021
3893,C0364479,0.745453483138604
3893,C0484851,0.743546673159629
3893,C0363876,0.73980992226601
3893,C0486259,0.733075211000894
9604,C1369594,0.730993207802957
9672,C0803387,0.729714378161793
3893,C0362910,0.729276416152517
3893,C0362958,0.725637132507201
3893,C0366777,0.717569854366687
966,C0803387,0.708340406982017
3893,C0362923,0.704605140617475
3893,C0364961,0.696077403869892
370,C0942431,0.694215239898476
9604,C0550246,0.693908179367143
9604,C0550447,0.689982110730934
9604,C0803387,0.687034954407024
3893,C0362908,0.685919867283145
9604,C0365095,0.683309900765418
9604,C0364968,0.681106166693008
9604,C0550440,0.677460325474446
9604,C0363885,0.676583506420113
3893,C0362906,0.669188928099671
966,C1369594,0.668820802107107
9604,C0364096,0.661088892824722
9604,C0368013,0.657926987592533
9604,C1315166,0.65009583161798
370,C0550836,0.64944586394594
3961,C0364961,0.637989915589746
9604,C0364674,0.637907881775507
966,C0365095,0.637121340157763
9604,C0364207,0.637020398499889
3893,C0362900,0.635642312342583
9604,C0364290,0.633105745565222
9671,C0550440,0.629618216567587
966,C0363885,0.629465310292787
9604,C0364055,0.62937348890682
9672,C1369594,0.628340755940664
9604,C0364127,0.626843870152333
9604,C0364133,0.626724477415236
8856,C0803378,0.624970083375469
9671,C1369594,0.623085067103617
9671,C0550246,0.622974704645971
9671,C0550447,0.621737938963068
9955,C0362989,0.618736272781818
9604,C0362947,0.616585103370759
966,C0368013,0.61425361017626
966,C0550246,0.613906192224109
966,C0364968,0.61311787087836
9604,C0362909,0.612316844586861
3893,C0368025,0.611774636157042
3893,C0362980,0.610752736493397
3893,C0364201,0.610257598277483
966,C0550447,0.609700423645708
9604,C0364479,0.609160290909009
9604,C0362978,0.605001506812213
9604,C0365392,0.601977036162662
9904,C1369594,0.599017613415033
9604,C0362958,0.59867395696933
9604,C0484851,0.59552973304473
9604,C0368036,0.594852848905951
966,C0362909,0.594225182260467
9604,C0363876,0.593259716270106
9604,C0362934,0.590543755637893
3961,C0364127,0.590265832708529
966,C0364096,0.589508015144601
9604,C0362907,0.589206599154276
966,C0550440,0.588161188363037
3961,C0364479,0.586211106999129
3893,C0365091,0.58541569172691
9671,C0364968,0.582897556698272
9671,C1315166,0.582767801175047
966,C0368036,0.579911800209318
9672,C0363885,0.577930102658162
9604,C0362908,0.577558342129013
3893,C0365184,0.575119976826001
9672,C0368013,0.573554259860184
9671,C0364096,0.572503763668208
966,C0364207,0.572479616133011
9604,C0362910,0.571814922934607
3324,C0942476,0.57124281902611
966,C0364127,0.57067216952532
9904,C0803387,0.570331554274943
9604,C0366777,0.56845009647569
9904,C0550447,0.567590817670085
3893,C0362949,0.567030970113682
8856,C0484707,0.56595143094664
9904,C0484851,0.564426310249548
9672,C0364674,0.563478199472224
9604,C0362906,0.563359848925502
9671,C0365095,0.563107154542722
966,C0364674,0.562770084721538
9604,C0364961,0.562722927716424
9904,C0550246,0.561488100663289
9672,C0365095,0.561380698344613
9671,C0368013,0.560028137350599
9671,C0363885,0.559956261331686
9604,C0362923,0.559340474104052
9671,C0364290,0.558408125382249
9671,C0364133,0.557436995891396
9904,C0363885,0.555978824360967
966,C1315166,0.555864247528453
9671,C0364207,0.55508886609303
966,C0364479,0.553102347835062
966,C0364055,0.550674186274606
9672,C0368036,0.550019311113683
966,C0362947,0.549544129905131
966,C0364133,0.54832540928502
9904,C0550440,0.548293703148656
9904,C0364674,0.54688312136612
966,C0364290,0.546803170291006
9672,C0364127,0.546548136959841
9671,C0364479,0.543712854290511
9671,C0364055,0.542556943899862
9904,C0365392,0.542478328243484
9904,C0364127,0.539110969132169
966,C0362978,0.538570065498363
9671,C0362947,0.53687724110475
9904,C0365095,0.536853486640966
9904,C0364290,0.536689831948922
9671,C0364127,0.53576639601741
9904,C0368013,0.534381669654384
9671,C0484851,0.533519001750483
3893,C0484652,0.532514812022077
9672,C0364055,0.5321025651689
966,C0365392,0.532003775035223
966,C0362908,0.531980619300786
9671,C0364674,0.531123667379226
9671,C0362934,0.530057773763695
9604,C0362900,0.529730442748422
966,C0362958,0.528782404507145
3324,C0549816,0.528769472326326
9671,C0362978,0.52768390490001
966,C0363876,0.527174051639998
9904,C0362909,0.52606833308071
9904,C1315166,0.525450299995419
9920,C0803378,0.524805067874848
9604,C0486259,0.524577597937256
9904,C0362907,0.524178224966783
9904,C0364961,0.524102751645776
9672,C0550246,0.523704687568687
9671,C0365392,0.523217138573372
966,C0362906,0.522767790584034
9904,C0364968,0.522051553341495
9904,C0364096,0.52114667832644
9904,C0364479,0.52058829519302
966,C0364961,0.520556262166665
9671,C0362910,0.52015148628695
9904,C0364133,0.518954971344662
9672,C0550447,0.518765475878917
9672,C0364961,0.518541944841472
9904,C0364207,0.51843467863591
3491,C1114241,0.517649979409192
9672,C0363876,0.51712840896623
966,C0362907,0.516697732531359
9671,C0362907,0.515584224376021
9672,C1315166,0.515100023870003
9672,C0362958,0.514808400832617
966,C0484851,0.514760861495449
9671,C0366777,0.51442713338245
9672,C0364290,0.512992901817428
3891,C0803387,0.512416446439511
3723,C0803378,0.512236118467173
966,C0362934,0.511527753520306
9671,C0363876,0.510444720554136
9604,C0368025,0.51007326472658
9672,C0364968,0.510000870102274
3891,C1369594,0.508965761033754
3893,C0942460,0.507663405373308
9904,C0364055,0.506741342502679
9671,C0362923,0.505170265664497
9904,C0362958,0.504958841430227
9672,C0364479,0.504530364270034
9671,C0362909,0.504492985191333
9904,C0368036,0.501816139036286
9604,C0364201,0.501483793347119
9671,C0368036,0.501124153590093
966,C0366777,0.501030472577357
9672,C0364201,0.497752867968583
9672,C0362980,0.497682539096623
9671,C0486259,0.49765407507193
9671,C0803387,0.497263809455855
966,C0362923,0.497225324449306
9604,C0362980,0.496776081166162
4131,C0362896,0.496674127848572
9672,C0484851,0.495732614644284
9671,C0362906,0.494410301506926
966,C0362910,0.493300088877654
9904,C0362900,0.492132189859943
966,C0486259,0.491424776241382
9671,C0362908,0.491339232100469
9672,C0364096,0.491139330454384
966,C0362900,0.490105699103089
966,C0364201,0.487768484830316
3893,C0366775,0.487711385485685
9925,C0362896,0.485689971080019
9671,C0362958,0.485625890432751
9672,C0550440,0.485404598669237
9604,C0362949,0.483322817476911
3893,C0368078,0.483101539360493
9672,C0365184,0.48280504904412
3491,C0365029,0.482429625966632
9672,C0368025,0.482379306957603
9904,C0363876,0.480274401716053
966,C0368025,0.480264705066281
9904,C0362934,0.478528434769597
3995,C0803387,0.478444723322358
9672,C0365392,0.478311784335304
9904,C0365091,0.477348811049689
3995,C0365034,0.476974691283577
9671,C0364961,0.476851650941068
9672,C0364207,0.475872436400769
9672,C0364133,0.475463494798305
3961,C0365091,0.472379922287227
966,C0362949,0.471214498220094
3961,C0550246,0.470456387630751
9604,C0365091,0.470211266654054
9904,C0362947,0.469693989277511
9904,C0362908,0.469495310553241
3893,C0366770,0.46850026032385
3961,C0550447,0.468240886995176
9672,C0942460,0.467534233904511
8856,C0484851,0.466120683199968
9672,C0362909,0.465475184450761
9904,C0362910,0.465243311967829
966,C0365091,0.465220606202267
3722,C0803378,0.464985489762635
3893,C1316226,0.463329491419298
9904,C0486259,0.462683476696954
9604,C0365184,0.461750967521072
9904,C0362978,0.461418650761787
966,C0362980,0.46018253452713
966,C0365184,0.459412450952764
3893,C0365029,0.459382402159065
3893,C0365160,0.459074495975563
3606,C0803378,0.457991393483893
9904,C0366777,0.455805157490836
9671,C0364201,0.455233400260306
3891,C0364674,0.454981231890914
3961,C0365392,0.454235326689571
3891,C0363885,0.453015022867401
9904,C0484652,0.452794268847127
9672,C0362947,0.452777916842094
9672,C0365091,0.452699968076374
3891,C0368013,0.451804385169425
5498,C0945355,0.451415083866105
9915,C0803387,0.451240389109828
3324,C2973277,0.450830251192435
93,C0944729,0.450362547959536
9672,C0362907,0.450187144156905
9904,C0362980,0.449894540655737
3324,C0549819,0.449702126622092
9904,C0365184,0.448978376309257
9904,C0362906,0.448419898273783
9671,C0368025,0.448119605346105
9604,C0484652,0.448095516111079
9672,C0362900,0.447661105983504
9672,C0484652,0.447596148275899
9925,C0362945,0.44739534874554
3961,C0550440,0.446874787479927
9904,C0362949,0.446630829745337
3893,C0484707,0.446483494641089
9904,C0362923,0.446067983264742
3891,C0368036,0.445834353275022
3404,C0942432,0.445315773228039
9904,C0364201,0.445225876246492
3891,C0550246,0.444525942446932
3891,C0365095,0.444397221684245
3891,C1315166,0.443447902153237
3615,C0364961,0.442143524375364
3404,C0942477,0.441586660482984
9672,C0366775,0.441046012256559
3891,C0364127,0.440975014836602
3893,C0363775,0.440654117598527
5059,C0365750,0.440390717434702
3891,C0550447,0.439885147526419
3404,C0942443,0.439323159730173
3324,C0803387,0.437580835161416
3893,C0364121,0.436922090990094
66,C0803378,0.435287583126981
9672,C0362949,0.435207103097717
9672,C0362978,0.434975258139539
9604,C0942460,0.434646784062345
3891,C0484851,0.433999313828139
9671,C0362900,0.432675944813668
3891,C0364055,0.432374758699125
9904,C0366775,0.432095738851837
3961,C0366781,0.429877967935606
9672,C0362934,0.429445658434831
3895,C0365034,0.428981032828949
966,C0942460,0.427854572202522
3891,C0362958,0.427707280779433
5498,C0945626,0.427522617802596
3891,C0364290,0.426653111960118
9915,C0362980,0.424940278764485
3723,C0484707,0.424903030992387
9672,C0486259,0.424452773972105
9904,C0942460,0.424055412283848
3891,C0364968,0.422853769124551
9915,C0942460,0.422364234757586
9915,C0365184,0.421903783725835
3891,C0550440,0.419711579287579
9604,C0484707,0.417695623589873
9915,C0362989,0.416208059456171
966,C0484652,0.416177495899662
8856,C0364290,0.415685537290953
9672,C0368021,0.415500867038531
370,C0549816,0.41536013047087
9604,C0366775,0.415133412582235
3891,C0363876,0.414886983443923
3891,C0368025,0.413722799016396
3404,C0942424,0.411681230345036
3961,C0364207,0.411174963523392
966,C0362989,0.410699309514227
3891,C0364961,0.410612625019757
3961,C0362907,0.410188937338538
9672,C0368078,0.410144597003268
966,C0368078,0.409203988406353
5491,C1114242,0.408504004598292
3404,C1315831,0.408484348731915
3615,C0364127,0.408384091702291
3961,C0486259,0.408344514857739
3891,C0364479,0.408064070135387
3722,C0484707,0.407764632495565
3891,C0364096,0.407718168988277
3615,C0364479,0.407362340687403
9672,C0362910,0.406681268192606
9672,C0362908,0.406334384500654
9915,C0362949,0.406305963090794
370,C0945355,0.405704953066537
9604,C0368078,0.404890369105559
9904,C0363775,0.404354152513109
3995,C0484851,0.403820748765776
9671,C0365091,0.403669707935865
5059,C0944729,0.403488934333983
3891,C0362980,0.403471772006016
8856,C0365392,0.4028237415735
3891,C0365392,0.402556544255211
3995,C0484652,0.402200741120461
9672,C0363775,0.401685562401231
9671,C0484707,0.399890677106868
370,C2973277,0.399830088339397
9672,C0366777,0.398535155354929
8856,C0366781,0.398255459631421
9604,C1316226,0.39808046921505
9920,C0484707,0.397875967313666
9983,C0362989,0.397620972463962
3891,C0364133,0.396993899405665
9925,C1114897,0.396993628591437
9904,C0365029,0.396815640979082
3891,C0364201,0.396705599766581
3961,C0362934,0.396398928703056
3961,C0362910,0.394702946717971
370,C0942476,0.394088265269211
3891,C0364207,0.393568308450615
9904,C1953449,0.393250509309723
3995,C0364201,0.392558025476098
3995,C0365184,0.392285340946049
9915,C0363775,0.39201015428608
3615,C0366781,0.391948778923918
9604,C0365160,0.39176370535377
9672,C0362923,0.390483693797891
3893,C0366781,0.388809835010556
40,C0803378,0.387538592943952
966,C0366775,0.387495348011472
4131,C0362945,0.386876811273734
9672,C0362906,0.386550927231521
5498,C0942431,0.386221890261508
9915,C0484652,0.385860502862812
3961,C0366777,0.385696774606334
9604,C0362989,0.385610369223556
3961,C1315166,0.384827916951003
9671,C0362949,0.384312315247309
5491,C0799525,0.383887218399712
8856,C0364961,0.382896788679152
3893,C0368021,0.381932568364022
9915,C0362958,0.38134858714034
311,C0803387,0.38039580901577
3607,C0803378,0.38013404446399
9671,C0362980,0.379703029995976
3891,C0365184,0.37917951621827
9904,C0365160,0.379099779492397
3961,C0362923,0.37863829680271
3995,C0365029,0.377679036571449
3891,C0362947,0.377538914653624
9672,C0365029,0.37721164485244
9604,C0365029,0.377188237514256
3995,C0364674,0.375658756413148
9915,C0365095,0.375634230474399
3893,C0365034,0.375522648501927
3891,C0942460,0.375100511466284
9672,C0365160,0.374676909319237
3891,C0362909,0.374506643150924
8856,C0364479,0.374073047891384
9604,C0363775,0.373718135351316
9915,C0363885,0.372719996954224
5059,C0942450,0.37190649473583
9915,C0362909,0.371550169089827
3891,C0362900,0.370790074452774
3895,C0803387,0.370248014993366
3601,C0803378,0.369544022834943
8872,C0364961,0.369021294969087
3891,C0362907,0.368930985173861
9904,C0368025,0.368874591536275
3893,C0364092,0.368791839548023
9671,C0484652,0.368386440039598
3893,C0362989,0.367633225703213
9672,C0484707,0.367272771519329
8856,C0364127,0.3670359245385
3891,C0365091,0.366636725553076
9671,C0365184,0.366484474450538
9904,C0366770,0.366396684164121
966,C0363775,0.366258696267138
9671,C1316226,0.36517333161474
8872,C0366770,0.36484630883963
3324,C1369594,0.364741713198684
3891,C0484652,0.364162005243998
9915,C0364968,0.3639426408191
3891,C0362978,0.363922657535238
9904,C0484707,0.362627583295782
8872,C0364121,0.36251323263586
3891,C0486259,0.361713613270229
3891,C0362934,0.361674986941426
9672,C1316226,0.360773826805722
3891,C0362949,0.36067750974056
3721,C0942431,0.35999416422639
3404,C1544494,0.359908753540028
9915,C0362908,0.359427369512118
3995,C0364092,0.358897803849322
5569,C0944729,0.357907183760773
3961,C1369594,0.357733064918236
9907,C1953449,0.357277832570555
966,C0365029,0.357012344603213
3615,C0365091,0.35667781181188
966,C0365160,0.356515520220398
9915,C1369594,0.355960106235639
5059,C1544491,0.35494118296644
3891,C1316226,0.354864484657265
3995,C0362958,0.353807816913367
9904,C0366781,0.353527175849052
9915,C0363876,0.352907851286643
9904,C0365034,0.352852026166023
3324,C0942460,0.352850943637622
3891,C0362908,0.352479562660794
9915,C0364055,0.352056551749052
3995,C0362900,0.351434123246272
9604,C0366770,0.351313198359635
9915,C0362900,0.35089266530892
8872,C0365091,0.349260508284708
5059,C0942444,0.349232907100347
3995,C0366775,0.348833793175964
8856,C0365091,0.348786552928453
370,C0549819,0.34848481661501
5059,C1114285,0.347959472193133
9925,C0362999,0.347694066550901
5059,C0942478,0.347637238802425
4513,C0365184,0.347338254988174
9672,C0364092,0.347317105465948
966,C0368021,0.347198319624632
9604,C0364092,0.346968044538611
8872,C0803387,0.346298186184085
3961,C0364133,0.345754824848518
3891,C0362910,0.345657647967016
3891,C0366775,0.345262852315617
93,C0942450,0.344550061180169
3895,C0945358,0.344319400314385
3895,C0942425,0.343204557055134
9671,C0368078,0.343046923184387
3995,C1369594,0.342970480953488
3324,C0368025,0.342649740443108
5059,C0942425,0.342516278900099
3606,C0484707,0.342303161885451
3324,C0366775,0.342092584433012
3324,C0364674,0.341209981123623
9915,C0364674,0.341036617208262
5059,C0945358,0.340517910726421
3995,C0366770,0.340303409783548
3995,C0364961,0.340274427969074
3324,C0368021,0.340240158150628
9390,C0362989,0.339511527255472
9904,C0364121,0.339441082321551
9904,C0368078,0.339268214307132
8872,C0364127,0.338943870122196
9604,C0368021,0.338530821990711
3895,C0365029,0.338340761678483
3995,C0368036,0.338201752523617
3891,C0366777,0.338013852367742
966,C1316226,0.337696576932678
8856,C0362907,0.337477098393149
3891,C0365160,0.33617774055976
3324,C0362958,0.335552632683256
9915,C0364096,0.335026726976228
9672,C0365034,0.334726430870738
3895,C0942444,0.334453509529393
3995,C0364290,0.334230256156912
9955,C0362908,0.333986461437362
9915,C0368036,0.333869828891179
9671,C0365160,0.3331323269104
3324,C0362980,0.332470701426888
3995,C0365091,0.332344361380942
93,C1114285,0.33200771996443
3891,C0364092,0.331782736193205
3891,C0365029,0.331780669091851
9671,C0364092,0.331677798995726
9672,C0366770,0.33155324244678
8856,C0364055,0.330737239084837
3891,C0362923,0.330451550045851
966,C0484707,0.33026108916594
3995,C0363885,0.330237164005071
3891,C0362906,0.329716836629902
66,C0484707,0.329026208650262
8856,C0550246,0.328928051322157
9955,C0362906,0.328799991487267
3995,C0364055,0.328783398747209
331,C1507819,0.328707096332829
9672,C0942476,0.328536875733313
8872,C0364674,0.32798369279121
5523,C0366727,0.327796556356657
331,C0366194,0.327754547429021
9671,C0942460,0.327490355168939
370,C0942421,0.327397797876013
9915,C0368013,0.327299548586669
3893,C0364835,0.327026271943439
3891,C0484707,0.326886854920167
3404,C1114284,0.326720997919965
8872,C0364479,0.326166434236343
3995,C0365160,0.326090002687903
3995,C0942460,0.325770573705824
3891,C0368078,0.325671475292623
3893,C1953449,0.325554793841143
3961,C0364201,0.325353601962117
5059,C0363968,0.324689760715198
8856,C0362910,0.324495763620277
8856,C0550447,0.324132564387071
3895,C0942478,0.324086182602404
3891,C0368021,0.324063479806846
93,C1544491,0.323925800878377
9904,C1316226,0.323846985841316
9672,C0362989,0.323804834881507
9955,C0362909,0.323552125265178
9915,C0364201,0.323524352479506
3961,C0364096,0.323067986636817
9915,C0365091,0.322998447808023
9915,C0364127,0.322642521130471
3995,C0364121,0.32233871203454
8856,C0550440,0.321993619001853
9915,C0550447,0.321289936545213
966,C0366770,0.321225045457138
9907,C0365184,0.321109301582053
3895,C0484652,0.320922896808245
93,C0942444,0.32022097785581
3895,C0364092,0.320112338940459
9915,C0550246,0.319552876008065
3995,C0942425,0.318832005463589
3324,C0368036,0.318721406971943
3995,C0945358,0.318573053968195
3324,C0363885,0.318172100289624
8872,C1369594,0.318053716764736
8856,C0364674,0.316830603299675
3995,C0362980,0.316742787746097
3995,C0365095,0.316581318303166
9915,C0364207,0.316359352933319
93,C0942478,0.31635921642413
9915,C0362906,0.316267882477809
3895,C0365184,0.3161433977885
8856,C0366777,0.315982127889615
3324,C0368013,0.31553455179062
8853,C0803378,0.315472464850477
8856,C0362934,0.315405932048046
40,C0484707,0.31529868969339
9915,C0364961,0.31519448118372
8856,C0364133,0.314778992897594
8872,C0365392,0.31459171673591
8872,C0484851,0.314542794763785
3615,C0550246,0.314508287117389
3324,C0368078,0.314507331305997
3324,C1316226,0.313741850355664
8856,C0364207,0.313691237869427
93,C0942425,0.313217669576415
93,C0945358,0.312680163377728
4513,C0942425,0.312602377347585
9915,C1315166,0.312526644362408
3615,C0550447,0.312307040189866
3995,C0942444,0.311764185747105
3895,C1544491,0.311562609139454
3324,C0362949,0.311483704148426
3995,C0363876,0.311469398649693
4513,C0363885,0.31146787994301
4513,C0945358,0.311135928587246
3324,C0364201,0.310985248330278
9915,C0365029,0.310862240149483
8856,C0364096,0.310715876089144
9604,C0364121,0.310446200389931
9671,C0366775,0.310294140626528
8856,C0362923,0.310148920577995
9907,C0484652,0.309957932279978
3895,C0942450,0.309846342031463
3995,C0362949,0.309707428301407
3722,C0484851,0.309464272377325
8872,C0550246,0.30931776699909
3324,C0942477,0.309065398084071
9915,C0364290,0.309007037008188
3324,C0942432,0.309002762112285
8856,C0363876,0.30793633586967
9604,C0365034,0.307841138563852
9915,C1507819,0.307568509968342
3995,C0364968,0.307568509968342
4513,C0364674,0.307531824623056
9915,C0368021,0.30748586974727
3995,C1316226,0.307284619428746
3324,C0365029,0.307114433136388
4513,C0942478,0.307049612714684
4513,C0803387,0.306972509617556
8872,C0550447,0.306926530728488
3995,C1315166,0.306745506517661
3722,C0366781,0.306219978887406
8856,C1369594,0.305679265545422
9915,C0362947,0.305567802007946
9915,C0550440,0.305384205509207
4513,C0368036,0.305278300961595
3324,C0363876,0.304939443357339
8856,C0486259,0.304802719420658
3324,C0942443,0.304658254509092
9604,C0366781,0.304570227291747
4513,C0942444,0.30394287664878
3895,C1114285,0.303938646415963
4513,C0364055,0.303678405776544
3895,C0366775,0.303456142901693
9983,C1146797,0.303436182890927
3895,C1507819,0.303293594901662
966,C0364092,0.303256346071023
9904,C0362989,0.303163907844025
3895,C0366770,0.303139873214915
3891,C0363775,0.30294261319251
3615,C0365392,0.302447075787804
3324,C0365095,0.302441276046203
8856,C0363775,0.30215949937675
9672,C0364121,0.30197239441088
3995,C0942478,0.301915453268272
3324,C0365184,0.301821645399068
3995,C0362909,0.301569423572867
8872,C0364201,0.301491084085247
3723,C0484851,0.301424867136471
3995,C0363775,0.3013330166993
3324,C0550246,0.30115697522852
4513,C0484652,0.300856686796018
3995,C0364459,0.300805796814088
8872,C0363876,0.299941547936811
9671,C0365029,0.299227945513695
5011,C0942450,0.299192737311728
3615,C0550440,0.298979115064521
4131,C1114897,0.29873685116713
3897,C0368025,0.298486023183229
9915,C0366775,0.29839457120169
3891,C0366770,0.298147571680763
8856,C1315166,0.297742006227454
3995,C1507819,0.297415815422865
9671,C0363775,0.297356652399365
3995,C1953449,0.297296284148718
9672,C0549816,0.296742039698266
9915,C0362978,0.296277242984945
3324,C0364055,0.296214374543002
9604,C0364835,0.296077002204795
3324,C0550447,0.29607420621647
8856,C0368013,0.296012581381037
966,C0366194,0.295865904045873
3895,C0364201,0.295713265198712
9672,C0364835,0.295473762346544
9671,C0366770,0.295337757249611
5491,C0365184,0.295270166439461
8856,C0365095,0.295248425845279
4513,C0363876,0.29523091558856
9462,C0367799,0.295190730169457
5011,C0945358,0.294624454342533
4513,C0942450,0.294421114062954
3324,C0364290,0.294341744991052
3324,C0484851,0.294275914294679
3995,C0368013,0.2940766946343
8872,C0364290,0.293759044440472
3895,C0364459,0.293549459955182
3961,C0365095,0.293509075859904
9915,C0368025,0.293426049012981
3995,C0364127,0.293424162825817
966,C0364121,0.293316699918395
4513,C0362958,0.293270432452724
8872,C0364055,0.292833498312489
3895,C0484851,0.292744826334626
3995,C0549816,0.292732883243463
3324,C0942424,0.292612509723357
3324,C0942421,0.292413017279595
3995,C0942476,0.292278925056592
8872,C0363885,0.292242104426514
8856,C0364968,0.292102221674216
6561,C0484675,0.292020257727419
8872,C1315166,0.291916313979847
9671,C0362989,0.291770961024011
4513,C0366775,0.291331737349227
966,C0365034,0.29106585392762
8872,C0550440,0.29088303404443
4513,C0365095,0.290815818435216
9915,C0365392,0.290786986258999
4513,C1544491,0.290518253002809
9604,C0803378,0.290317042364442
3324,C0364127,0.290273257953725
9915,C0364479,0.29002014320143
9907,C0942478,0.289906718403203
5011,C0942425,0.289749774087988
9672,C0366194,0.289405763883218
8856,C0363885,0.289213310622078
3995,C0484707,0.288984835022615
4233,C0942450,0.28892737089351
5011,C0942444,0.288711240463702
9915,C0364133,0.28867360086493
3895,C1953449,0.288596206416606
3895,C0364674,0.288137533823418
4513,C0362900,0.288067330394367
4513,C0365029,0.288018117142379
640,C0362989,0.287938797927464
9907,C0945358,0.287693949412063
3995,C0368025,0.287663087575821
8872,C0362900,0.287645424518815
3893,C0803378,0.28727748279924
3961,C0484851,0.286861856394312
5011,C0942478,0.28686007993666
4233,C1544491,0.286570133830268
5498,C1114242,0.286480348368212
3995,C0362908,0.286240210937426
3895,C0942476,0.286190110234273
9907,C0803387,0.285658617287288
3324,C0364961,0.285189468314246
9915,C0362907,0.285151463597412
9390,C1316226,0.285120213720728
3895,C0549816,0.285017876269909
3961,C0364674,0.284893239856092
3995,C0365392,0.284727403991615
8872,C0366781,0.284630989335693
3961,C0364968,0.284286547998911
9672,C0942432,0.284223186321202
3895,C0364121,0.284170578641488
9915,C0365034,0.284003768812009
3324,C0362900,0.283700240563316
4513,C1114285,0.283502633887212
3324,C1315166,0.283446979528069
966,C0364835,0.283423636804993
3995,C0942450,0.283368041412241
3615,C0362907,0.283326483892339
4311,C0803387,0.283123383337674
966,C0942423,0.282995453989362
311,C0368021,0.282959840563099
3895,C0942460,0.282908456779292
8872,C0486259,0.282864091370409
9671,C0366781,0.282839094041729
9907,C0942425,0.282782499180029
4233,C0942478,0.282755570111989
8872,C0368013,0.282704669595721
8872,C0365095,0.28252332686135
9390,C0362949,0.282402508968336
3891,C0364835,0.282183634361761
4233,C1114285,0.281995495480213
4513,C0368025,0.281949838186506
3961,C0362906,0.281931570562105
8872,C0362907,0.281815782004847
3995,C0368021,0.281359298264789
5491,C0945355,0.281094207751126
3723,C0364290,0.280771629470618
3891,C0365034,0.28075740552587
9907,C0942444,0.280684613989613
4233,C0942444,0.280399049766775
311,C0364201,0.28012461077484
4513,C0484851,0.280022308290679
3324,C0550440,0.279928297722898
3895,C0365160,0.279798212320449
4513,C0368013,0.279457525554992
9907,C0942450,0.27928214931889
3995,C1544491,0.279171823488606
9672,C0942477,0.279067048049727
4513,C0365034,0.278701807524837
4233,C0942425,0.278552091662433
9907,C0365029,0.278436427958856
3895,C0362900,0.278270987559553
3607,C0484707,0.278188172807934
9672,C1953449,0.277884425762138
3324,C0365091,0.277469455332111
3995,C0550447,0.277313643395401
8872,C0368036,0.27704001899308
3995,C0550246,0.277021676745708
9907,C0366775,0.276775237362029
4513,C0362909,0.276636456159851
9671,C0803378,0.276415506028702
8872,C0364207,0.276380772991253
370,C0945626,0.276108312807835
8872,C0365184,0.275847969791025
3995,C1114285,0.275474986274287
9907,C0942460,0.275473977799222
9672,C0942443,0.275151063473326
3324,C0364968,0.274980105725879
3895,C0362958,0.274758269553924
9907,C0364674,0.274718530185941
45,C0803378,0.274607731380651
3615,C0364207,0.274595348069626
8856,C1316226,0.274525051844284
3891,C0364121,0.274522602774051
8856,C0368036,0.274519837275168
9915,C0484851,0.274466392308835
4233,C0945358,0.274456521419081
3324,C0363775,0.274296783243994
3722,C0364961,0.274125087995143
3491,C0803387,0.273708608177105
3995,C0364479,0.273691122827047
9905,C1953449,0.27359111406032
331,C0366770,0.273591012438925
9904,C0364092,0.273469402595792
5011,C0365750,0.273380518000286
4513,C0364201,0.2731839142457
9907,C0365091,0.273172542768519
5011,C1544491,0.27305391185599
9915,C0365160,0.2729837000611
3995,C0368042,0.272768951213191
4513,C0362980,0.27275587689762
8853,C0550543,0.272488013226696
8856,C0362978,0.272351739314395
3722,C0364290,0.27226963156366
4513,C0364968,0.272229176934635
3895,C2973277,0.272037719825331
9955,C0362949,0.272034726618523
3995,C0364096,0.27191409682067
4513,C0364290,0.271842779302601
3891,C0362989,0.271780910577994
9907,C1369594,0.27175266865065
8872,C0364968,0.271560026033934
331,C0803387,0.271547553800237
3615,C0486259,0.271094089177079
3961,C0368013,0.271016216660359
9671,C0364835,0.270719953090322
9604,C1953449,0.270588615238951
8853,C0484707,0.270503171803318
311,C1369594,0.270439306556572
3961,C0364055,0.270408112157118
4131,C0362999,0.270243364547481
3324,C0364479,0.270183348489981
3895,C0362980,0.270156017979553
5491,C0942431,0.270142415818534
4311,C0366194,0.26968901045126
3761,C0803378,0.269387777164727
9907,C0365034,0.269355961392504
3995,C0362989,0.269094065947613
9904,C0368021,0.26899281859733
9672,C0942423,0.268884349822063
3723,C0366781,0.268839540176243
9904,C0803378,0.268610709236332
9915,C0362934,0.268505900493676
3324,C0486259,0.268481232360847
311,C0368036,0.268319629663562
3324,C0484652,0.268296910671406
3615,C0362934,0.267651802559465
3615,C0362910,0.267580469831543
3722,C0365392,0.267213272128156
8872,C0365160,0.26721127606504
3895,C0368036,0.266993324517521
9905,C1114897,0.266944317083223
3995,C0486259,0.266845176112789
8872,C0364133,0.266727603038687
4513,C0368078,0.266556131658232
3601,C0484707,0.266477275611421
9671,C0364121,0.266162190918923
9907,C0364201,0.265986447903406
8856,C0362947,0.265887145050904
9672,C0942424,0.265854988428748
8872,C0364096,0.26546961583258
93,C1114242,0.265398616085643
9907,C0799525,0.265022376638695
5498,C2973277,0.264908666665805
5059,C0799525,0.264823117138272
9915,C0368078,0.264247338978273
3324,C0366770,0.264156202208478
331,C0365029,0.264050631037797
3404,C1114241,0.263964182244788
4513,C1315166,0.263646094962162
9915,C0366777,0.263518104294114
9672,C2973277,0.263450161705413
3961,C0363885,0.263440789203921
8841,C0366194,0.263273036353472
5059,C1114242,0.263028411277248
9907,C1544491,0.262948882399857
4513,C0365160,0.262820402612707
9671,C0368021,0.26270509594287
3722,C0365091,0.262585609632542
311,C0942460,0.262496412752736
3895,C0365091,0.262448400987808
8872,C0368025,0.262424302484335
311,C1507821,0.26191766597915
4513,C0365392,0.2616979480226
3722,C0364127,0.261489372716382
8872,C0362958,0.261307214096559
3324,C0364096,0.261245562484832
4513,C0486259,0.261223443759792
3615,C0366777,0.261133584019781
9604,C0366194,0.261056320985956
4513,C0362908,0.261051329280687
8872,C0363775,0.261021158640787
3995,C0550440,0.260960565979571
3893,C0368061,0.260940511376765
3601,C0550543,0.260811626426527
3722,C0364479,0.26062345671077
3324,C0364133,0.260562688157289
9915,C0362923,0.260472767571627
4513,C0942460,0.260201665535512
3324,C0365034,0.2601571474118
3721,C0550836,0.260086763823607
3895,C1316226,0.259961347711619
9983,C1507819,0.259899814185122
3995,C0366781,0.259674853853709
3324,C0365392,0.25966241194175
3712,C0942431,0.259646916054534
966,C1507819,0.259601913099688
9672,C1507819,0.259598431719424
3995,C0362907,0.259579790186931
4513,C0364133,0.259577446557127
9907,C0362980,0.259373096812797
3324,C0365160,0.259356488523147
3897,C1316226,0.259327280917263
4513,C0362907,0.259213863793227
3961,C0363876,0.258902895153451
311,C0365184,0.258815748949818
9604,C0942423,0.258801249117424
3995,C2973277,0.258768467119748
3891,C0942476,0.258590090171251
966,C0366781,0.258364523881696
4513,C0799525,0.258095210045755
3324,C1315831,0.257916307384198
3995,C0364133,0.257832650199907
8856,C0362906,0.257680954143329
8872,C0484652,0.257527250658846
966,C0942432,0.257383147524419
9390,C1369594,0.257102959281795
3961,C0364290,0.257006510041658
3893,C0366194,0.256967129558561
3893,C1507819,0.256871979775022
331,C0362900,0.256850868239204
9907,C0363876,0.256817363296337
8872,C0362934,0.256336944183217
9905,C0942478,0.256334526600334
3324,C0362909,0.256310433430469
4513,C1369594,0.256294650679384
311,C0362980,0.25625843589233
3995,C0364207,0.25624973876824
9390,C0362908,0.256188563853275
3615,C0362923,0.256021851439074
311,C0365091,0.255401180644854
8856,C0368025,0.255345770493204
5498,C1114285,0.255273132026326
9907,C0364055,0.255182781294089
331,C0362949,0.255048001713151
9915,C0362910,0.254879056110966
3895,C1369594,0.254845392077244
8872,C1316226,0.254679701025766
9907,C0484851,0.254573394284337
3606,C0550543,0.254429587510335
9905,C0945358,0.254249760079578
93,C0363968,0.254164165591797
8872,C0366775,0.254048781706464
4513,C0364096,0.25402197611075
3893,C0942423,0.253905552573888
311,C0484652,0.253871651321953
311,C0368013,0.253858998873608
3897,C0803387,0.253666609588288
966,C0942477,0.253637869847464
8856,C0362900,0.253547091294199
3324,C0364207,0.253413894774926
8872,C1507819,0.25271728756898
3893,C0364459,0.252549543070679
8856,C0364201,0.252495193215655
3895,C0364055,0.25219978753994
4513,C0364207,0.25213327010322
311,C0942432,0.252023468668408
9390,C0362958,0.251996805661669
3895,C0549819,0.251379492223024
9905,C0942444,0.251304674894872
3895,C0362949,0.251199147977981
966,C0942443,0.251186396723628
9390,C0362900,0.251043691156873
3961,C0362909,0.250970901599904
331,C0364121,0.250831129839437
9907,C1315166,0.250814345335671
5498,C0942444,0.250561445854142
9905,C0942425,0.250548246441301
8872,C0362909,0.250524435227286
9905,C0942450,0.25040611896046
5498,C0942450,0.250217628232161
9672,C0803378,0.250092577655043
9907,C0364961,0.249717491530743
5011,C1114285,0.249679035107048
9604,C1507819,0.249517140625001
3895,C0364961,0.249449753985176
9907,C0363885,0.249309834307585
311,C0942477,0.249246730814126
8872,C0362910,0.249224748924168
8611,C0362896,0.249157508306495
5491,C0484652,0.249134730065889
5491,C1315838,0.249089772316938
311,C0942443,0.248987416331455
3324,C0362947,0.248948355437664
9907,C0362958,0.248772420988572
5491,C0942476,0.248626499200479
5498,C0945358,0.248620712061473
9672,C0366781,0.248598466223803
3615,C1315166,0.248464033629707
331,C0362958,0.248275487349013
3324,C0364121,0.248155577189914
5498,C0942425,0.248149879167315
40,C0484851,0.247876657941701
8605,C1507821,0.247758251101951
5498,C0942421,0.247758251101951
3961,C0362978,0.247750366070432
9907,C1114285,0.247662983743719
9390,C0362909,0.247634635789777
4513,C0364961,0.247620933302193
311,C0364961,0.247579185971494
3995,C0362947,0.247459496323962
14,C0364459,0.247434639316371
966,C0942476,0.247104818262725
8856,C0362909,0.247074756445597
3723,C0365392,0.247034863063448
3891,C0366781,0.246740459140406
5491,C0942443,0.246148771098336
3895,C0364290,0.24601957100039
311,C0363885,0.245899991005386
3491,C0365160,0.245880067777769
5491,C0549816,0.245871528582655
3324,C1544494,0.245771683262973
5491,C0365029,0.245763164384257
4513,C0365091,0.245700625340303
4513,C0364127,0.245654730077145
8856,C0803387,0.245474382587166
966,C1953449,0.245401745087553
9671,C0365034,0.244891575861918
9907,C0365160,0.244805790319317
3895,C0363775,0.244641967267164
3895,C0363876,0.244630854215162
3324,C0362907,0.24454786832186
9907,C0362900,0.244504814014959
9671,C0366194,0.244240484271826
9904,C1114897,0.243942396516879
3723,C0550543,0.243885437863901
311,C0942424,0.24384846447247
3895,C0799525,0.243820540094614
9604,C0942476,0.24360786193693
8872,C0365029,0.243432280980161
3491,C0366775,0.24341686078969
8872,C0366777,0.243028562678778
3491,C0364674,0.242843323079305
3723,C1316226,0.242773399499736
4513,C0362949,0.242672924303322
9904,C0942432,0.2426539649705
3895,C0363885,0.242630417077547
3891,C1953449,0.242346783716292
5491,C0942432,0.242202204247159
311,C0368078,0.242200906733134
4513,C0362947,0.242163071486873
5491,C0803387,0.242137357016512
9915,C0364459,0.241960438458875
5491,C0942424,0.24178589732864
9390,C0550246,0.241662621842646
9915,C0366770,0.241606153224886
9672,C0364459,0.241482601727131
311,C0364674,0.241447936065737
966,C0942424,0.241416337344953
3891,C0803378,0.241161100658973
311,C0942476,0.241057483045094
3995,C0803378,0.240989621178592
9904,C0942477,0.240715258709174
3321,C1507821,0.240609556843786
9390,C0803387,0.240538485777797
311,C0365160,0.240530324598127
3893,C0942432,0.240232194474356
5491,C0942477,0.239878608763548
3723,C0364961,0.239841819737035
3721,C0549816,0.239714682664024
9904,C0364835,0.239526401471168
3995,C0942432,0.239447543561728
3324,C1114284,0.239364448763108
9390,C0364968,0.239340151898501
8872,C0368078,0.239271983494368
311,C0368025,0.239225589821819
3712,C0550836,0.239102297022209
3324,C0362978,0.239087514596814
9390,C0550447,0.2387896320895
9904,C0364459,0.238740706031856
8872,C0484707,0.23873282182983
3995,C0549819,0.238711964329968
3324,C0364835,0.23861818337524
9907,C0368036,0.23860041456643
9915,C0486259,0.238529214556907
311,C0366194,0.238398355641661
9904,C0942443,0.238283929024164
311,C0363876,0.238221375867103
8872,C0362923,0.238157275854571
9907,C0364127,0.238143711944897
9905,C0799525,0.238069112762804
5523,C0366711,0.237940813201444
9907,C0368013,0.237858125847515
9907,C0362949,0.237833664013317
3995,C0799525,0.237663318014913
3893,C0942476,0.237540555530448
5491,C1315831,0.237374151987214
3895,C0366711,0.237368656744699
3995,C0362906,0.237250351925229
311,C0365095,0.237128617009142
3897,C0368021,0.237119522139004
3324,C0362908,0.237113753006801
4513,C0362978,0.237071260158306
331,C0942460,0.237049277635709
3995,C0942477,0.236976210703248
9907,C0550447,0.23691212993732
331,C0362980,0.236895053954574
131,C0366194,0.236861549488723
5491,C0366775,0.236754765036966
4513,C0364459,0.236714826294035
3995,C0362978,0.236690230826157
4513,C0366770,0.236627362781254
9672,C0368061,0.236605606943346
4513,C0364092,0.236491730620914
3491,C0368025,0.23642974099085
3615,C0803378,0.236423535715401
3895,C1114106,0.236361148397438
3491,C0942460,0.236098115387531
331,C0366775,0.235562037211158
9604,C0365023,0.235552083636173
311,C0364092,0.235471728089807
3491,C0365034,0.235442410180889
8872,C0362980,0.235364612417616
3897,C0368078,0.235245259374965
3995,C0942443,0.235193123093282
3891,C0549816,0.235107264924687
9907,C0550246,0.23508045117886
3491,C0362980,0.234994957799824
9915,C0364121,0.234871259552366
3324,C0362989,0.23462205167175
5491,C0362980,0.234455025740916
9672,C0549819,0.234430531445506
9907,C0365095,0.234422580299709
3961,C0484707,0.234344912787853
3615,C0364133,0.234224153463855
9915,C1146797,0.234198034323318
966,C0365023,0.233860202596676
14,C1507819,0.233826356863492
5498,C0942478,0.233796666895608
3722,C0363775,0.233763221947953
4233,C0363968,0.233678741343487
3891,C0366194,0.233585572494099
311,C0362900,0.233519312530854
3895,C0365095,0.233457691157536
311,C0366775,0.233340782419272
4513,C1953449,0.233213324653427
9915,C0364092,0.233117228923623
3721,C0942476,0.233061725794246
3723,C0365091,0.233038492571482
3995,C1114106,0.233033529891414
9672,C0365023,0.232967027155979
9907,C0365392,0.232957888551161
3893,C0942477,0.232956007237716
311,C0364127,0.232863875456667
8856,C0550543,0.232763601578597
3893,C0942443,0.232751973155357
4513,C0364835,0.232715431001338
8872,C0362947,0.232503781780981
8856,C0362908,0.232438065759911
3895,C0368025,0.232354011670747
5491,C0368021,0.232334657452232
9905,C1544491,0.232256721294015
311,C0362958,0.232140028737965
3723,C0364055,0.232010367032804
5491,C1114106,0.231899043583738
3721,C2973277,0.231774675146607
9920,C0550543,0.231772685250009
3895,C0362989,0.231667296845156
3324,C0362934,0.231659574056233
9672,C1315831,0.231636919973318
4513,C0363775,0.231578702070732
14,C1507821,0.231476204669054
3961,C0362947,0.23130071708328
4513,C0550447,0.231294550227578
9904,C0942424,0.23128231132446
9907,C0364092,0.231270589122072
3615,C1369594,0.231118434847379
3491,C0365184,0.231091338563797
8872,C0362978,0.230862113664222
3995,C0364605,0.230567523435046
9915,C1953449,0.230501866324628
9390,C0550440,0.230479037769998
9671,C0942423,0.230283338804805
3722,C0362907,0.230228142143873
3961,C0368036,0.230012373904593
3895,C0942431,0.229946053572487
9907,C0364290,0.229932948242874
8754,C0365750,0.22986911133707
3491,C0549816,0.229722081708392
3491,C0942476,0.229701490841189
3895,C0368021,0.229697460943879
3895,C0484707,0.229482364138213
5491,C0365034,0.229431519682068
9955,C0362978,0.229218935951716
3995,C0942424,0.229197093489456
4513,C0364479,0.229041265951191
3491,C1316226,0.228957023520813
4513,C0362906,0.228788409431098
14,C0942476,0.228636583830102
5498,C1544491,0.228503777568197
8872,C0362949,0.228400979242149
8872,C0362908,0.228317499793145
8872,C0362906,0.22830488939608
5491,C0942460,0.228275998565141
9905,C1114285,0.228169566167852
3895,C1315166,0.228089586284693
311,C0364055,0.227966211290484
3961,C0362900,0.227886978213046
14,C0364121,0.22760359018599
4513,C0550246,0.227534482024963
3615,C0484707,0.227402124492865
4513,C0368021,0.227202656999656
5491,C0364459,0.227045183830249
3723,C0364674,0.226893611159354
9915,C0942432,0.226872908769528
5498,C0549816,0.226835704764261
14,C0549816,0.226564089323971
5011,C0363968,0.226506243848327
3491,C0362958,0.226392106993557
3491,C0368036,0.226259566395046
8605,C1507819,0.226259456247787
311,C1315831,0.22606670587809
3897,C0364092,0.225925984915696
331,C0363775,0.225857448802967
9904,C0945358,0.225715371096593
9390,C0362906,0.225355794732937
3324,C0364092,0.225347058367455
9915,C0942443,0.225173674582941
14,C0945358,0.225066478523379
3893,C0942424,0.2250608653043
9604,C0368061,0.224980186671649
3491,C0363885,0.224922951803132
9915,C0942477,0.224729659600989
311,C0364479,0.224705128455264
3995,C0362934,0.224570689416471
3895,C0368013,0.224432279476193
9904,C0942425,0.224004655156093
5491,C0368078,0.223716422264871
14,C2973277,0.22370792554252
3995,C0942431,0.223593668299774
3491,C0364459,0.223421216896635
966,C0549816,0.223320881414638
3491,C0368021,0.223199973957172
9604,C0549816,0.223119052772888
4513,C0362934,0.223056437801646
14,C0942425,0.223009679985663
4513,C0550440,0.222976951302447
5491,C0364474,0.222838691434012
3615,C0364201,0.222726445596728
311,C0364290,0.222680767759294
3615,C0484851,0.222660321382056
3723,C0364479,0.222272002011161
3721,C0945355,0.22227173398459
3897,C0368036,0.222219226142594
8872,C1953449,0.222115430449641
311,C0549816,0.222054911032066
3961,C0803387,0.221803436400402
5491,C2973277,0.221687045176435
3895,C0942477,0.221665165027377
3491,C0484652,0.221507502044466
311,C1315166,0.221487354814288
3612,C0364961,0.221380249990534
9390,C0365095,0.221264114642857
4513,C0362910,0.221246536302995
9390,C1146797,0.221210444872229
9904,C1507819,0.221145183977277
5491,C0364055,0.221120227508809
9390,C1507819,0.221104149425237
3324,C1114897,0.221089987326049
14,C0942444,0.221028597012738
9904,C0368061,0.220976047264189
3893,C0549816,0.220968200060442
5491,C1544494,0.220964340002871
3895,C0364605,0.220959509776494
3897,C0364201,0.220852902515329
9955,C0362947,0.220808144482934
3961,C0362908,0.220721346301316
5491,C0363876,0.220623718557377
3895,C0368042,0.22047954667137
9907,C0550440,0.220366336799889
14,C1953449,0.220085213864767
5491,C0368025,0.219774341029693
3895,C0942432,0.219743073661825
9907,C0368078,0.219674034263175
9915,C0942424,0.219588914649102
3324,C0362910,0.2192313097818
9904,C0942476,0.219211200551551
3895,C0364968,0.219189354524052
9915,C0362999,0.219175744369042
3491,C0366770,0.219004140003988
5498,C0549819,0.218986977569038
3895,C0942443,0.218938567383647
9390,C0364096,0.218866830136235
3961,C0803378,0.218618139673416
3895,C0364127,0.218598263206364
14,C0362980,0.218586389205367
9907,C0364968,0.218584938583123
9915,C0945358,0.218418577263908
9907,C0364479,0.218395816679793
8872,C0365034,0.218239531414057
331,C0364674,0.218231887046221
3891,C0368061,0.218226596551625
9925,C0362892,0.218105120951298
3615,C0364096,0.218072107352781
9904,C0942444,0.217873413264488
311,C0362949,0.217865900273363
9915,C0942425,0.217791387299772
14,C0942477,0.217759827025793
4311,C0368021,0.217664855745067
14,C0942460,0.217605389306195
311,C0484851,0.217601555515167
311,C0363775,0.217574542436078
5491,C0945626,0.217343360799412
5491,C0549819,0.217204451648272
8856,C0365160,0.217187767384464
3324,C0362906,0.217086374348863
331,C0364835,0.217083315128385
66,C0484851,0.216502208157926
3891,C0942423,0.216403870255803
14,C0942478,0.216400966431613
9672,C0368042,0.216196391081475
9904,C0942478,0.216080601607882
17,C1953449,0.216003727791391
3491,C0364201,0.215990897146597
3723,C0364127,0.215940046841691
4513,C0366777,0.215938018309335
8872,C0942460,0.215795368299915
966,C0803378,0.215673511825599
9907,C0362909,0.215609085269587
3995,C0362910,0.21557698792677
9390,C0942460,0.215565211860436
4311,C0368036,0.215126355806811
3897,C0362958,0.215007370511891
14,C0942443,0.214824996011854
5491,C0364674,0.214621005618495
5011,C0799525,0.214571918280644
3722,C0362910,0.214342706071978
3722,C0550246,0.214269425550703
3723,C0363775,0.214232745181107
331,C0364459,0.214065869912518
3324,C0366777,0.214061388054613
9907,C0364121,0.213967273698743
3721,C0549819,0.213897041335535
966,C0368061,0.213780591461314
3723,C0363876,0.213641421193156
331,C0365160,0.213410734512959
3324,C0362999,0.213357863710012
311,C0942423,0.213133147539097
3897,C0942460,0.21308415988226
3995,C1146797,0.212931288133188
14,C0942432,0.212857561396945
5491,C1114284,0.212774207390546
5498,C0942476,0.212716648318544
4131,C1114106,0.212669491373285
3995,C0364835,0.212523296063563
311,C0368042,0.212262794204613
14,C0365034,0.212200420461731
3891,C2973277,0.212187663247928
392,C0362896,0.212149638018492
3895,C0945355,0.212141404393343
331,C0364055,0.21204932045362
3895,C0362909,0.212027000463659
3961,C0484652,0.212025790672878
9920,C0484851,0.211949043441338
3961,C0363775,0.21194135581909
4513,C0364121,0.21182851901699
4513,C0942432,0.211817771483427
3893,C0365023,0.211756392555952
9907,C0366770,0.211615037929677
8872,C0803378,0.211569246305968
4513,C0362923,0.211565073001598
331,C0365034,0.211421370322896
4131,C0364612,0.211393095184502
966,C0364459,0.211386557600027
3722,C0486259,0.211149891904629
3995,C1544494,0.211119558007909
9905,C0362999,0.21100215407653
3895,C1146797,0.210892973374397
4513,C0484707,0.210839132425357
331,C0365095,0.210660306519203
9672,C1544494,0.210612301430652
3722,C0550543,0.210538653990126
9907,C0368021,0.210390582067372
3995,C0366777,0.210341557403248
311,C0550246,0.210331601765699
9907,C0486259,0.210300237520235
331,C0363876,0.210294143898385
3893,C0368042,0.210258486478344
9904,C0549816,0.210254087640425
3491,C0945358,0.21023485090033
45,C0484707,0.210147772900041
3893,C1114897,0.210080961231798
3722,C0550447,0.210059675396158
311,C0550447,0.210053947193492
3895,C0798131,0.21004299826508
14,C0803387,0.209957056918988
3324,C0362923,0.209863559145429
5491,C0364605,0.209772678090972
3895,C0942424,0.209676796154682
9907,C0942432,0.20959795327093
9907,C0362907,0.209597439853374
9604,C0942432,0.209591276698905
4311,C0942423,0.209446309206392
331,C0484652,0.209416536494598
3895,C0362908,0.209322276378991
9907,C0364459,0.209203240354594
5491,C1114897,0.209202382046204
4513,C0942477,0.209019705976023
3961,C0368025,0.208961466523186
331,C0368036,0.208764348934438
40,C0366781,0.208602042430136
311,C0365029,0.208564902207234
4513,C0942443,0.208400607984951
3324,C1953449,0.208382402947832
4513,C0942424,0.208376971576075
311,C0364835,0.208316750542931
8852,C0803378,0.208282239468172
3722,C0366777,0.208126796230205
331,C0365184,0.20803261506189
311,C0365034,0.207905472927605
3897,C0366775,0.207832467555774
8856,C0484652,0.207828969394811
3897,C0486259,0.207644478027224
3897,C0364674,0.207635838505699
8872,C0368021,0.20760341627551
9907,C0363775,0.207582316552437
14,C0942450,0.207288066313355
4311,C1369594,0.2072835121448
14,C1544491,0.207247849008188
3891,C1507819,0.207139844119729
4131,C0364605,0.207023207460543
3404,C0365029,0.206951245559755
3491,C0942444,0.206867563418864
9907,C0362908,0.206739729279403
9907,C0942477,0.206735975720538
3895,C0365392,0.206588495946204
4131,C0365750,0.206577525786644
3722,C0550440,0.206545370192269
3722,C0364055,0.206477644593498
9907,C0942443,0.206456506311098
311,C0364968,0.20620130644309
3995,C0362923,0.206165921203436
9983,C0362949,0.206050031210826
3722,C0362934,0.206041783603389
9671,C0368061,0.205946379320502
5491,C0366711,0.205817538523858
3491,C0365095,0.205811532784334
14,C0942424,0.205811044669875
8856,C0362958,0.205768241485643
9915,C1315831,0.205535329756845
9920,C0364290,0.205410696625833
3723,C1369594,0.205167259594581
3324,C0484707,0.205132331576104
9904,C1315831,0.204997263757164
22,C0365023,0.204988520224966
3491,C1369594,0.204907680170276
9915,C0942476,0.204867182546025
3491,C0364121,0.204850806666662
3995,C0798131,0.204720780824671
3961,C0365184,0.204714981400248
9604,C0942477,0.204695618998548
159,C0366194,0.20459687158164
3491,C0942425,0.204590904747924
9907,C0364096,0.204486665364276
3897,C1369594,0.20447905058048
14,C1315831,0.204322972809506
3491,C0368013,0.204275177332263
4311,C0368013,0.20427201555495
3491,C0362900,0.204143688025406
3897,C0366770,0.203869039640369
9907,C0364133,0.203840580949739
3722,C0364207,0.203709883698699
9671,C1953449,0.203684626106074
9390,C0484851,0.203677663420797
9915,C1114897,0.203675283801195
3722,C0362923,0.203668112397282
3491,C0365091,0.203592645663482
14,C0549819,0.203518236035326
8659,C0367799,0.203492940034123
3723,C0368013,0.20344376401362
3891,C0364459,0.203327901648072
331,C0368021,0.203320194758211
3761,C0484707,0.203101469767847
9915,C0942444,0.20309997909654
3891,C0942432,0.20309306924752
4311,C0364201,0.20286189417009
8855,C0803378,0.202822259570449
8856,C0365184,0.202771562615844
9915,C0942478,0.202714990801297
966,C1315831,0.202507502874058
4513,C1316226,0.202445784203826
331,C0368013,0.202398518386704
8964,C0550543,0.202389567248079
5491,C0362958,0.202358139808133
3491,C0364055,0.202231674688913
3722,C0364133,0.202230445379708
9604,C0942443,0.202179118719333
331,C0363885,0.202154477169714
3895,C0550246,0.201956921877104
3995,C1114284,0.201937811117151
3723,C0362907,0.201915055125551
3895,C0550447,0.201758722390215
9672,C1114284,0.201718355989525
3404,C0803387,0.201619060816151
9907,C1315831,0.201489548525455
5491,C0363885,0.201398240900332
8853,C0364961,0.201336550102938
311,C2973277,0.201246119053117
3723,C0363885,0.201166390358216
3895,C1544494,0.201137586082618
3491,C0942478,0.201047715255016
3891,C0942477,0.201019953818382
14,C0366775,0.200911538102684
14,C0365029,0.200666042561057
9907,C1507819,0.200451311942187
3995,C0945355,0.20038799692636
4311,C0364835,0.200362237778199
9723,C1507821,0.200208820132852
3613,C0366781,0.200033348634627
